Target area,Source area,FLN,SLN
2,1,0.00953783575285784,0.926470588235294
2,3,0.245809664071814,0.759106038991916
2,12,0.0066566145358487,0.218612818261633
2,13,0.000181172125207471,0.064516129032258
2,31,0.000029221310517334,1
2,44,0.000561049161932814,0.270833333333333
2,24b,0.0000584426210346681,0
2,24c,0.000245459008345606,0
2,24d,0.0000818196694485354,0.214285714285714
2,46d,0.0000116885242069336,1
2,7A,0.00000584426210346681,1
2,7B,0.00206886878462725,0.112994350282485
2,7op,0.00210977861935152,0.301939058171745
2,9/46v,0.010829417677724,0.562331354560172
2,AIP,0.00189354092152324,0.114197530864197
2,ENTORHINAL,0.00152535240900483,0.0498084291187739
2,F1,0.000444163919863478,0.578947368421052
2,F3,0.000590270472450148,0.326732673267326
2,F4,0.114243635598569,0.429506854921219
2,F5,0.150104027865441,0.465581685095779
2,Gu,0.0079598849849218,0.0675477239353891
2,INSULA,0.0302674334338546,0.13631975284804
2,LB,0.0000175327863104004,0
2,LIP,0.00161301634055684,0.271739130434782
2,MB,0.000093508193655469,0.5
2,OPAI,0.000216237697828272,0.594594594594594
2,OPRO,0.00773195876288659,0.0839002267573696
2,PERIRHINAL,0.000829885218692287,0
2,ProM,0.0441884657643125,0.314905435788916
2,SII,0.359387053790588,0.46612677659609
2,TEa/ma,0.0000759754073450686,0
2,TEav,0.000151950814690137,0.0384615384615384
2,TEMPORAL_POLE,0.000473385230380812,0
2,VIP,0.00000584426210346681,0
5,1,0.00251090675120052,0.574999999999999
5,2,0.0363453752236276,0.810880829015544
5,3,0.0320768337465867,0.587084148727984
5,12,0.000125545337560026,0
5,23,0.0885722356485986,0.38483345145287
5,31,0.00200872540096042,0.0625
5,24a,0.0000627726687800131,1
5,24b,0.0125545337560026,0.245
5,24d,0.00602617620288126,0.09375
5,29/30,0.00295031543266061,1
5,46d,0.000188318006340039,1
5,7A,0.150560246068861,0.304982280592036
5,7B,0.0113932393835723,0.143250688705234
5,7m,0.00182040739462038,0.275862068965517
5,7op,0.101534791751671,0.423493044822256
5,AIP,0.00100436270048021,0.4375
5,ENTORHINAL,0.000376636012680079,0
5,F1,0.33686952700794,0.540389453088605
5,F2,0.117573208624964,0.298451681793913
5,F3,0.0445999811681993,0.181562280084447
5,F5,0.00684222089702143,0.036697247706422
5,F6,0.00351526945168073,0.0714285714285714
5,F7,0.000313863343900065,0
5,INSULA,0.00922758231066193,0.326530612244897
5,LIP,0.00295031543266061,0.51063829787234
5,MB,0.000376636012680079,0.166666666666666
5,MIP,0.00163208938828034,0.615384615384615
5,MST,0.000313863343900065,0.599999999999999
5,PERIRHINAL,0.000125545337560026,0
5,STPi,0.00200872540096042,0.625
5,TEa/ma,0.000251090675120052,0
5,TEMPORAL_POLE,0.000251090675120052,0
5,TPt,0.0062144942092213,0.267676767676767
5,VIP,0.0168230752330435,0.388059701492537
10,9,0.111534855769902,0.471183421208796
10,11,0.0283145145116593,0.398714378037313
10,12,0.0639003283807513,0.489613152238913
10,13,0.0264511968138029,0.501618362837501
10,14,0.209709702214374,0.469684456603726
10,23,0.00771454742983615,0.451920245966804
10,25,0.0169954107844113,0.362431020825203
10,31,0.000799414596140966,0.650894982385984
10,32,0.042016910602875,0.491756498598318
10,44,0.000022537797271495,0
10,24a,0.000663450775961121,0.148241798406272
10,24b,0.00178856516023684,0.210488030484261
10,24c,0.0064323395770498,0.340993689223125
10,24d,0.000134967127506029,0.0572916666666666
10,29/30,0.00125772041640664,0.309012338667477
10,45A,0.00427292652910647,0.330334345658239
10,45B,0.000836374918954471,0.419042380001591
10,46d,0.186851125255387,0.50590747627492
10,46v,0.0961274639829661,0.466492826660155
10,7A,0.000167839145373288,0.739583333333333
10,7op,0.0000102102807316687,0.75
10,8B,0.0186489392272808,0.318170783348527
10,8l,0.000438483898576405,0.267180735930735
10,8m,0.00571688309341155,0.369415001905563
10,8r,0.000307694543836259,0.112418831168831
10,9/46d,0.0112344498715997,0.282879737106982
10,9/46v,0.0000233364869092824,0.166666666666666
10,CORE,0.000355861894756622,0.41034355503565
10,DP,0.000112387507718154,0.930232558139534
10,ENTORHINAL,0.000221605933391424,0.0685185185185185
10,F1,0.00000155865207768321,1
10,F2,0.0000650997697384368,0.111111111111111
10,F3,0.00000171882734723062,0
10,F4,0.00000710633469928961,0.333333333333333
10,F5,0.0000112309150828773,0.299999999999999
10,F6,0.000045913244518638,0.110576923076923
10,F7,0.00202110084243197,0.221069394768511
10,FST,0.000112996392427526,0.589285714285714
10,INSULA,0.000303906795609487,0.0548352888858481
10,IPa,0.000178571008735889,0.476646505376344
10,LB,0.00106240965626479,0.401677856346795
10,LIP,0.00000525964767040622,0.333333333333333
10,MB,0.000902264483365841,0.274998439267728
10,MIP,0.00000255257018291717,1
10,MST,0.00000515648204169187,0.333333333333333
10,OPAI,0.000521669001488199,0.144312011088326
10,OPRO,0.0277914280747639,0.269966263797086
10,Parainsula,0.000444462961526961,0.0544414338240004
10,PBc,0.00279001504645206,0.622457851294735
10,PBr,0.0262999377511192,0.597892043409545
10,PERIRHINAL,0.000360436857031097,0.134338871419408
10,PGa,0.00197090294800382,0.538553966052359
10,PIP,0.0000204205614633374,0.375
10,Pro.St.,0.00181071328556893,0.494741601303882
10,STPc,0.0046569331454718,0.694722245007744
10,STPi,0.0205269605253467,0.575341958530508
10,STPr,0.03478846552724,0.556717445459233
10,TEa/ma,0.000208358610078249,0.348511904761904
10,TEa/mp,0.0000115892491748423,0.666666666666666
10,TEad,0.00000967226300519412,0.75
10,TEav,0.0000539931371883285,0.435515873015873
10,TEMPORAL_POLE,0.0287151775033946,0.441398403329312
10,TEpd,0.00000910752903274486,0.833333333333333
10,TEpv,0.0000129630319300397,0.0833333333333333
10,TH/TF,0.00120067431392236,0.126679419155331
10,V2,0.00000722852641596683,0.666666666666666
24c,1,0.0000276916260522817,0
24c,2,0.00224302171023482,0.290123456790123
24c,3,0.000526140894993353,0.31578947368421
24c,5,0.0255732166592822,0.429344883595018
24c,9,0.0133473637571998,0.75207468879668
24c,10,0.000152303943287549,0.272727272727272
24c,11,0.0000415374390784226,0
24c,12,0.0207687195392113,0.978666666666666
24c,23,0.0239947939743021,0.594345066358915
24c,31,0.00031845369960124,0.260869565217391
24c,32,0.00193841382365972,0.778571428571428
24c,44,0.0160334514842711,0.88860103626943
24c,24a,0.00436143110323438,0.571428571428571
24c,24b,0.118478622064687,0.631880331892018
24c,24d,0.101628267611874,0.567983651226158
24c,29/30,0.0000415374390784226,1
24c,45B,0.0000830748781568453,0.5
24c,46d,0.000484603455914931,0.857142857142857
24c,46v,0.00231225077536552,0.526946107784431
24c,7A,0.00796134249003101,0.401739130434782
24c,7B,0.00431989366415595,0.503205128205128
24c,7m,0.0195225963668586,0.746099290780141
24c,7op,0.0034891448825875,0.412698412698412
24c,8B,0.0428666371289322,0.725775193798449
24c,8l,0.0000830748781568453,0.666666666666666
24c,8m,0.0000276916260522817,1
24c,8r,0.0000276916260522817,0
24c,9/46d,0.00510910500664599,0.848238482384823
24c,9/46v,0.000747673903411608,0.592592592592592
24c,CORE,0.0000276916260522817,0
24c,F1,0.0111735711120957,0.825278810408921
24c,F2,0.0491110988037217,0.782351282774175
24c,F3,0.115044860434204,0.78529305572271
24c,F4,0.00307377049180327,0.846846846846846
24c,F5,0.0221256092157731,0.769086357947434
24c,F6,0.262073548958794,0.778529163144547
24c,F7,0.0804718653079308,0.643324156916724
24c,INSULA,0.0174872618520159,0.750593824228028
24c,IPa,0.0000276916260522817,0
24c,LB,0.0000276916260522817,0
24c,LIP,0.000221533008418254,0.375
24c,MIP,0.00823825875055383,0.628571428571428
24c,MST,0.00016614975631369,0.75
24c,OPRO,0.000636907399202481,0.391304347826086
24c,ProM,0.0022014842711564,0.748427672955974
24c,SII,0.00279685423128046,0.544554455445544
24c,STPc,0.000152303943287549,0.272727272727272
24c,STPi,0.0000415374390784226,0
24c,STPr,0.0000276916260522817,0
24c,TEpv,0.0000276916260522817,0
24c,V6,0.000138458130261408,0.4
24c,V6A,0.008058263181214,0.778350515463917
24c,VIP,0.000138458130261408,0.299999999999999
46d,2,0.0000167351412864303,0
46d,3,0.000029286497251253,1
46d,9,0.118162648838162,0.619480933328612
46d,10,0.0765214335322026,0.593712411153635
46d,11,0.0026525198938992,0.670347003154574
46d,12,0.00343488774903982,0.175395858708891
46d,13,0.000384908249587897,0.347826086956521
46d,14,0.00224250893238166,0.436567164179104
46d,23,0.0126643181685061,0.599273207796498
46d,31,0.00102084361847224,0.770491803278688
46d,32,0.0016065735634973,0.408854166666666
46d,44,0.0000669405651457212,0.75
46d,24a,0.000133881130291442,0.5
46d,24b,0.0000669405651457212,0.25
46d,24c,0.0030960011379896,0.335135135135135
46d,24d,0.0000167351412864303,0
46d,29/30,0.00340560125178856,0.566339066339066
46d,45A,0.00148942757449229,0.505617977528089
46d,46v,0.0591629082328527,0.537939325365957
46d,7A,0.000518789379879339,0.903225806451612
46d,7m,0.000753081357889363,0.888888888888888
46d,7op,0.0000167351412864303,0
46d,8B,0.0389761440560961,0.486474881923572
46d,8l,0.0000669405651457212,0
46d,8m,0.0366332242759959,0.502055733211512
46d,8r,0.00418378532160757,0.256
46d,9/46d,0.595938381209783,0.416807076663858
46d,9/46v,0.000117145989005012,0.428571428571428
46d,DP,0.000259394689939669,1
46d,ENTORHINAL,0.0000167351412864303,0
46d,F1,0.0000669405651457212,0.5
46d,F2,0.000133881130291442,0
46d,F3,0.0000167351412864303,1
46d,F4,0.0000334702825728606,0
46d,F5,0.0000502054238592909,0
46d,F6,0.00334702825728606,0.409999999999999
46d,F7,0.00743040273117505,0.418918918918918
46d,INSULA,0.0000167351412864303,1
46d,LIP,0.0000334702825728606,0.5
46d,MIP,0.0000167351412864303,0
46d,MST,0.0000167351412864303,1
46d,MT,0.0000167351412864303,1
46d,OPRO,0.000384908249587897,0.0434782608695652
46d,Parainsula,0.0000334702825728606,1
46d,PBc,0.000184086554150733,0.181818181818181
46d,PBr,0.000468583956020048,0.142857142857142
46d,PERIRHINAL,0.0000334702825728606,0
46d,PGa,0.00297885514898459,0.445224719101123
46d,STPc,0.0044724665087985,0.637979420018709
46d,STPi,0.0133169886786769,0.49607288721332
46d,STPr,0.00058572994502506,0.0571428571428571
46d,TEMPORAL_POLE,0.0000167351412864303,0
46d,TEO,0.0000167351412864303,1
46d,TEOm,0.0000167351412864303,1
46d,TEpd,0.0000669405651457212,0
46d,TEpv,0.0000376540678944682,0.444444444444444
46d,TH/TF,0.0000836757064321515,0
46d,V2,0.00225924407366809,0.655555555555555
46d,V3,0.000117145989005012,0.714285714285714
46d,V6A,0.0000753081357889364,0.777777777777777
46d,VIP,0.0000167351412864303,0
7A,2,0.0000182776929895908,0
7A,5,0.0100253146047905,0.387420237010027
7A,9,0.0000822496184531588,0.222222222222222
7A,12,0.0000639719254635679,0
7A,13,0.0000456942324739771,0
7A,23,0.113001836908145,0.412939749292357
7A,31,0.069775092987763,0.412966601178781
7A,24a,0.000822496184531588,0.233333333333333
7A,24b,0.000502636557213748,0.345454545454545
7A,29/30,0.0224724235307019,0.548596990646604
7A,45A,0.00136168812772451,0.718120805369127
7A,45B,0.000137082697421931,0.4
7A,46d,0.0148140701680633,0.676742751388032
7A,46v,0.000146221543916726,0
7A,7B,0.000475220017729362,0.0576923076923076
7A,7m,0.0216133719601911,0.420718816067653
7A,8B,0.00744815989325827,0.440490797546012
7A,8l,0.000466081171234566,0.490196078431372
7A,8m,0.00053919194319293,0.305084745762711
7A,9/46d,0.00295184741781892,0.442724458204334
7A,9/46v,0.00382003783482448,0.473684210526315
7A,DP,0.0207634592361752,0.231514084507042
7A,ENTORHINAL,0.004377507471007,0.0187891440501043
7A,F1,0.000109666157937545,1
7A,F2,0.00710088372645604,0.725868725868725
7A,F3,0.000502636557213748,0.563636363636363
7A,F5,0.00132513274174533,0.96551724137931
7A,F7,0.000155360390411522,0.235294117647058
7A,FST,0.00842601646820138,0.455531453362255
7A,INSULA,0.00128857735576615,0.375886524822695
7A,IPa,0.0021933231587509,0.125
7A,LB,0.0000182776929895908,0
7A,LIP,0.131233835665262,0.581128133704735
7A,MB,0.0000639719254635679,0.714285714285714
7A,MIP,0.0000365553859791817,0
7A,MST,0.138919605567385,0.612130780869679
7A,MT,0.0000548330789687725,1
7A,PERIRHINAL,0.00392056514626723,0.209790209790209
7A,PGa,0.0108752273288065,0.324369747899159
7A,PIP,0.000319859627317839,0.4
7A,STPc,0.0136351589702347,0.658847184986595
7A,STPi,0.0416731400162671,0.523464912280701
7A,STPr,0.00252232163256353,0.641304347826086
7A,TEa/ma,0.000392970399276203,0
7A,TEa/mp,0.00442320170348098,0.462809917355371
7A,TEav,0.0000913884649479542,0
7A,TEMPORAL_POLE,0.000328998473812635,0
7A,TEO,0.00213849007978213,0.623931623931623
7A,TEOm,0.00230298931668844,0.781746031746031
7A,TEpd,0.0027964870274074,0.065359477124183
7A,TEpv,0.0783564698463759,0.362374620947049
7A,TH/TF,0.00085905157051077,0.223404255319148
7A,TPt,0.165842647341052,0.543064969416432
7A,V1,0.0000182776929895908,0
7A,V2,0.0000365553859791817,0.5
7A,V3A,0.0000365553859791817,0.5
7A,V4,0.00304323588276687,0.801801801801801
7A,V6,0.000127943850927135,0.142857142857142
7A,V6A,0.079023605640496,0.442003006823175
7A,VIP,0.0000822496184531588,0.666666666666666
7B,2,0.00307549545966726,0.879310344827586
7B,5,0.0217935971366076,0.578467153284671
7B,12,0.00100748989195996,0.407894736842105
7B,23,0.00546165573009876,0.422330097087378
7B,44,0.00271757141910253,0.658536585365853
7B,24b,0.00190892821634519,0.194444444444444
7B,24c,0.0000397693378405249,0
7B,24d,0.00167031218930204,0.436507936507936
7B,45B,0.000344667594617882,0.807692307692307
7B,46v,0.000676078743288924,0.529411764705882
7B,7A,0.39726917213495,0.534303256807261
7B,7m,0.0186253065553125,0.59288256227758
7B,7op,0.151600715848081,0.482423924449108
7B,8m,0.000185590243255783,0.714285714285714
7B,9/46d,0.000251872472989991,0.473684210526315
7B,9/46v,0.0126996752170743,0.854906054279749
7B,AIP,0.0268045337045138,0.581107814045499
7B,F1,0.000941207662225757,0.704225352112676
7B,F2,0.002929674554252,0.266968325791855
7B,F3,0.00116656724332206,0.659090909090909
7B,F4,0.0119175449062106,0.819799777530589
7B,F5,0.0366275601511234,0.786102062975027
7B,INSULA,0.0145688340955789,0.101910828025477
7B,LB,0.00144495260820574,0.963302752293577
7B,LIP,0.0577715914363359,0.633088572739788
7B,MB,0.000503744945979982,0.105263157894736
7B,MIP,0.0713992178696891,0.649090233939844
7B,MST,0.0129648041360111,0.800613496932515
7B,MT,0.00169682508119573,0.84375
7B,PBc,0.0000530257837873666,0.5
7B,PERIRHINAL,0.0000795386756810499,0
7B,PGa,0.000543514283820507,0.756097560975609
7B,ProM,0.000662822297342082,0.5
7B,SII,0.0531716046927818,0.515582149090002
7B,STPc,0.00988930867634387,0.765415549597855
7B,STPi,0.0000795386756810499,0.666666666666666
7B,STPr,0.000159077351362099,0
7B,TEa/ma,0.000304898256777358,0
7B,TEpv,0.0000530257837873666,0.5
7B,TH/TF,0.000159077351362099,0.166666666666666
7B,TPt,0.012805726784649,0.341614906832298
7B,V2,0.0000397693378405249,1
7B,V6A,0.00137867037847153,1
7B,VIP,0.0605554450851726,0.548380035026269
7m,1,0.000154834713942866,1
7m,2,0.0000119103626109896,1
7m,3,0.0000297759065274742,1
7m,5,0.00711048647876084,0.685929648241206
7m,9,0.000482369685745082,0.32716049382716
7m,11,0.0000297759065274742,0
7m,12,0.0000416862691384639,0.5
7m,13,0.0000238207252219793,0.25
7m,14,0.0000208431345692319,0
7m,23,0.091173825787126,0.548073154800783
7m,25,0.0000238207252219793,0.25
7m,31,0.0267685399681993,0.651167964404894
7m,32,0.000035731087832969,0
7m,44,0.000166745076553855,0.392857142857142
7m,24a,0.00109575336021105,0.103260869565217
7m,24b,0.0101446513539104,0.259465805694159
7m,24c,0.00164958522162207,0.0938628158844765
7m,24d,0.00913227053197634,0.613628953374633
7m,29/30,0.00565444464956735,0.203791469194312
7m,45B,0.000113148444804402,0.31578947368421
7m,46d,0.00429368572126178,0.721220527045769
7m,46v,0.00577950345698274,0.735703245749613
7m,7A,0.0784803568344638,0.608491102932807
7m,7B,0.00000595518130549484,1
7m,7op,0.000541921498800031,0.703296703296703
7m,8B,0.0383990090578307,0.496588089330024
7m,8l,0.000577652586632999,0.546391752577319
7m,8m,0.0185742104918384,0.500160307790958
7m,8r,0.00368030204679581,0.656957928802588
7m,9/46d,0.0215815770511133,0.645419426048565
7m,9/46v,0.00123867771154292,0.764423076923076
7m,AIP,0.000312647018538479,0.733333333333333
7m,DP,0.0134289338438908,0.689135254988913
7m,ENTORHINAL,0.0000416862691384639,0.142857142857142
7m,F1,0.000306691837232984,0.728155339805825
7m,F2,0.0316934749078435,0.505824877865464
7m,F3,0.00167340594684405,0.790035587188612
7m,F5,0.0000297759065274742,0
7m,F6,0.00189970283645285,0.147335423197492
7m,F7,0.0134140458906271,0.555604883462819
7m,FST,0.0000535966317494536,0.222222222222222
7m,INSULA,0.000154834713942866,0.5
7m,IPa,0.000136969170026381,0.478260869565217
7m,LB,0.000333490153107711,0.5
7m,LIP,0.0310681808707666,0.692064404830362
7m,MB,0.000309669427885731,0.673076923076923
7m,MIP,0.027361080508096,0.605180106649254
7m,MST,0.079915555529088,0.512276910466112
7m,MT,0.000914120330393458,0.921824104234527
7m,PBc,0.000970694552795659,0.56441717791411
7m,PBr,0.00000595518130549484,0
7m,PERIRHINAL,0.000178655439164845,0.266666666666666
7m,PGa,0.000625294037076958,0.266666666666666
7m,PIP,0.00476712263504862,0.78575890068707
7m,Pro.St.,0.00016078989524836,0.814814814814814
7m,STPc,0.0116751329494226,0.360112216271359
7m,STPi,0.0000893277195824226,0.133333333333333
7m,STPr,0.0000595518130549484,0
7m,TEa/mp,0.0000178655439164845,0.666666666666666
7m,TEpd,0.00000595518130549484,1
7m,TEpv,0.000580630177285747,0.138461538461538
7m,TH/TF,0.000583607767938494,0.142857142857142
7m,TPt,0.00369816759071229,0.495169082125603
7m,V1,0.0000267983158747268,0.666666666666666
7m,V2,0.00145008664788799,0.718685831622176
7m,V3,0.0000178655439164845,1
7m,V3A,0.00017270025785935,0.93103448275862
7m,V4,0.000366243650287933,0.918699186991869
7m,V6,0.00232252070914298,0.938461538461538
7m,V6A,0.433778383882897,0.588319684790741
7m,VIP,0.00838191768748399,0.685612788632326
8B,9,0.176501277230515,0.620599054125065
8B,10,0.131970181208287,0.572930393276523
8B,11,0.0127066079771837,0.682481751824817
8B,12,0.02244524912758,0.679063360881542
8B,13,0.0112380827243462,0.680880330123796
8B,14,0.00554561509953123,0.512195121951219
8B,23,0.00653493737512704,0.620342992312241
8B,25,0.000154581605561846,0.149999999999999
8B,31,0.000707210845445446,0.80327868852459
8B,32,0.0339924950630499,0.659845384265575
8B,44,0.0000541035619466461,0.571428571428571
8B,24a,0.00253900287135332,0.476407914764079
8B,24b,0.00814258607297024,0.504508780256288
8B,24c,0.0937073692915911,0.632299571098647
8B,24d,0.000139123445005661,0.444444444444444
8B,29/30,0.000537171079327415,0.14388489208633
8B,45A,0.000278246890011323,0.166666666666666
8B,45B,0.000479202977241723,0.459677419354838
8B,46d,0.0399593450377372,0.477369439071566
8B,46v,0.0391709788493718,0.48973954222573
8B,7A,0.000888844231980615,0.721739130434782
8B,7m,0.00265107453538566,0.71137026239067
8B,8l,0.000935218713649169,0.727272727272727
8B,8m,0.0490951179264423,0.559508816120906
8B,8r,0.000583545560995969,0.304635761589403
8B,9/46d,0.086998527610207,0.616915422885572
8B,9/46v,0.000146852525283753,0.684210526315789
8B,CORE,0.0000154581605561846,0.5
8B,DP,0.000104342583754246,0.925925925925925
8B,ENTORHINAL,0.000154581605561846,0
8B,F1,0.0000077290802780923,0
8B,F2,0.0000850198830590153,0.0909090909090909
8B,F4,0.0000309163211123692,0
8B,F5,0.0000077290802780923,0
8B,F6,0.0654884971962761,0.618198985011212
8B,F7,0.151227184721154,0.57671470918941
8B,FST,0.00022027878792563,0.894736842105263
8B,INSULA,0.0001004780436152,0
8B,IPa,0.000711075385584492,0.597826086956521
8B,LB,0.000027051780973323,0.285714285714285
8B,LIP,0.00057195194057883,0.878378378378378
8B,MB,0.0000386454013904615,0
8B,OPAI,0.000262788729455138,0.941176470588235
8B,OPRO,0.00541035619466461,0.542857142857142
8B,Parainsula,0.0000618326422247384,0
8B,PBr,0.0003516731526532,0.714285714285714
8B,PERIRHINAL,0.0000347808612514153,0
8B,PGa,0.0039688827228004,0.632911392405063
8B,SII,0.0000077290802780923,1
8B,STPc,0.0000541035619466461,0.714285714285714
8B,STPi,0.0143760893172516,0.673924731182795
8B,STPr,0.0191372027685565,0.541195476575121
8B,TEa/ma,0.0000927489633371077,0.75
8B,TEa/mp,0.0000309163211123692,0.75
8B,TEad,0.0000154581605561846,1
8B,TEMPORAL_POLE,0.00899664944369944,0.193728522336769
8B,TH/TF,0.000297569590706553,0.0909090909090909
8B,V4,0.0000077290802780923,1
8l,2,0.0002041712179834,0.45
8l,3,0.000245005461580081,0.583333333333333
8l,5,0.0000612513653950202,0.166666666666666
8l,9,0.00257255734659085,0.174603174603174
8l,10,0.000530845166756842,0.0769230769230769
8l,11,0.000541053727656012,0.264150943396226
8l,12,0.021376726522862,0.29178605539637
8l,13,0.00366487336280204,0.0779944289693593
8l,14,0.0000612513653950202,0.666666666666666
8l,23,0.000561470849454352,0.545454545454545
8l,25,0.0000510428044958502,0.4
8l,31,0.0000714599262941903,0.285714285714285
8l,32,0.0001020856089917,0.5
8l,44,0.0192533458558347,0.365853658536585
8l,24a,0.00417530140776054,0.562347188264058
8l,24b,0.00230713476321243,0.331858407079646
8l,24c,0.00242963749400247,0.390756302521008
8l,24d,0.00105148177261451,0.436893203883495
8l,29/30,0.000245005461580081,0.5
8l,45A,0.0124544442969874,0.299999999999999
8l,45B,0.0683973580244392,0.381492537313432
8l,46d,0.038966076952132,0.272727272727272
8l,46v,0.0110558714538011,0.167128347183748
8l,7A,0.00175587247465724,0.255813953488372
8l,7B,0.0000306256826975101,0.666666666666666
8l,7m,0.00012250273079004,0.0833333333333333
8l,7op,0.00011229416989087,0.545454545454545
8l,8B,0.0206110844554243,0.251609707776126
8l,8m,0.415416968669926,0.498709851817265
8l,8r,0.123350041344671,0.599851030373251
8l,9/46d,0.010147309533775,0.211267605633802
8l,9/46v,0.0247455516195881,0.296617161716171
8l,AIP,0.0001020856089917,0.4
8l,CORE,0.000653347897546882,0.109375
8l,DP,0.000602305093051032,0.779661016949152
8l,ENTORHINAL,0.000285839705176761,0.25
8l,F1,0.00140878140408546,0.195652173913043
8l,F2,0.0189879232724562,0.195698924731182
8l,F3,0.00022458833978174,0.0909090909090909
8l,F4,0.00542074583745929,0.224105461393596
8l,F5,0.0126586155149708,0.318548387096774
8l,F6,0.00232755188501077,0.350877192982456
8l,F7,0.0260726645364802,0.258026624902114
8l,FST,0.00327694804863358,0.563862928348909
8l,Gu,0.00131690435599293,0.0465116279069767
8l,INSULA,0.00931020754004308,0.101973684210526
8l,IPa,0.00199066937533815,0.307692307692307
8l,LB,0.000387925314168461,0.31578947368421
8l,LIP,0.0291862756107271,0.504372158097236
8l,MB,0.00191920944904396,0.106382978723404
8l,MIP,0.0000816684871933603,0.375
8l,MST,0.00569637698173688,0.422939068100358
8l,MT,0.0213461008401645,0.48780487804878
8l,OPAI,0.000581887971252692,0.157894736842105
8l,OPRO,0.00439988974754228,0.0858468677494199
8l,Parainsula,0.000326673948773441,0.15625
8l,PBc,0.00200087793623732,0.428571428571428
8l,PBr,0.000837101993731943,0.146341463414634
8l,PERIRHINAL,0.0001020856089917,0.8
8l,PGa,0.00486948354890411,0.40670859538784
8l,PIP,0.00343007646212113,0.75595238095238
8l,ProM,0.00174566391375807,0.0701754385964912
8l,SII,0.00120461018610206,0.177966101694915
8l,STPc,0.0115356738160621,0.324778761061946
8l,STPi,0.00586992251702277,0.151304347826086
8l,STPr,0.0011229416989087,0.109090909090909
8l,TEa/ma,0.00011229416989087,0.0909090909090909
8l,TEa/mp,0.0001020856089917,0.8
8l,TEad,0.0000306256826975101,1
8l,TEav,0.00013271129168921,0.384615384615384
8l,TEMPORAL_POLE,0.000408342435966801,0.2
8l,TEO,0.00147003276948048,0.833333333333333
8l,TEOm,0.0026236001510867,0.883268482490272
8l,TEpd,0.00015312841348755,0.533333333333333
8l,TEpv,0.00126586155149708,0.612903225806451
8l,TH/TF,0.00126586155149708,0.548387096774193
8l,TPt,0.000428759557765141,0.404761904761904
8l,V1,0.0000816684871933603,0.75
8l,V2,0.00357299631470951,0.928571428571428
8l,V3,0.00491031779250079,0.925155925155925
8l,V3A,0.000490010923160162,0.8125
8l,V4,0.0127811182457608,0.956869009584664
8l,V4t,0.000296048266075931,0.689655172413793
8l,V6A,0.00021437977888257,0.0476190476190476
8l,VIP,0.00170482967016139,0.305389221556886
8m,2,0.0000485489920015535,0
8m,3,0.0000242744960007767,0.5
8m,5,0.0000849607360027187,0.571428571428571
8m,9,0.00203905766406524,0.220238095238095
8m,10,0.0020876066560668,0.0116279069767441
8m,11,0.000182058720005825,0.133333333333333
8m,12,0.00712456457622798,0.287904599659284
8m,13,0.00347125292811107,0.213286713286713
8m,14,0.0000970979840031071,0.375
8m,23,0.000267019456008544,0.272727272727272
8m,31,0.0000364117440011651,0.333333333333333
8m,32,0.000291293952009321,0.0833333333333333
8m,44,0.0154143049604932,0.393700787401574
8m,24a,0.000703960384022526,0.206896551724137
8m,24b,0.00100739158403223,0.120481927710843
8m,24c,0.00236676336007573,0.205128205128205
8m,24d,0.000364117440011651,0.366666666666666
8m,29/30,0.000121372480003883,0
8m,45A,0.0259494362248303,0.53601496725912
8m,45B,0.124030537315968,0.555533809570408
8m,46d,0.110715976259542,0.305634729226046
8m,46v,0.03343811824107,0.401451905626134
8m,7A,0.00160211673605126,0.303030303030303
8m,7B,0.000728234880023303,0.666666666666666
8m,7m,0.000546176160017477,0.511111111111111
8m,7op,0.000570450656018254,0.468085106382978
8m,8B,0.0172106176645507,0.157263751763046
8m,8l,0.183600150501875,0.577047663118926
8m,8r,0.0698255877462344,0.48791934642795
8m,9/46d,0.037406998337197,0.369565217391304
8m,9/46v,0.0916847713949339,0.473391580619539
8m,AIP,0.000910293600029129,0.413333333333333
8m,CORE,0.000691823136022138,0.228070175438596
8m,DP,0.000206333216006602,0.705882352941176
8m,ENTORHINAL,0.0000606862400019419,0
8m,F1,0.00082533286402641,0.294117647058823
8m,F2,0.0215800269446905,0.203037120359955
8m,F3,0.000230607712007379,0.263157894736842
8m,F4,0.0389241543372455,0.304957904583723
8m,F5,0.0146860700804699,0.353719008264462
8m,F6,0.00126227379204039,0.125
8m,F7,0.106382978723404,0.282373074729035
8m,FST,0.00287652777609204,0.270042194092826
8m,Gu,0.000133509728004272,0.363636363636363
8m,INSULA,0.00286439052809166,0.283898305084745
8m,IPa,0.0000970979840031071,0.125
8m,LB,0.00115303856003689,0.336842105263157
8m,LIP,0.00621427097619885,0.24609375
8m,MB,0.00171135196805476,0.163120567375886
8m,MIP,0.0000121372480003883,1
8m,MST,0.00194195968006214,0.443749999999999
8m,MT,0.000691823136022138,0.596491228070175
8m,OPAI,0.0000606862400019419,0
8m,OPRO,0.000169921472005437,0.142857142857142
8m,Parainsula,0.000121372480003883,0.1
8m,PBc,0.00513405590416428,0.250591016548463
8m,PBr,0.00117731305603767,0.185567010309278
8m,PERIRHINAL,0.0000242744960007767,0
8m,PGa,0.00412666432013205,0.297058823529411
8m,PIP,0.0000364117440011651,0
8m,ProM,0.000582587904018642,0.395833333333333
8m,SII,0.00075250937602408,0.370967741935483
8m,STPc,0.0336687259530773,0.269646719538572
8m,STPi,0.0139942469444478,0.209019947961838
8m,STPr,0.00143219526404583,0.0508474576271186
8m,TEa/ma,0.0000364117440011651,0.666666666666666
8m,TEa/mp,0.000157784224005049,0.153846153846153
8m,TEMPORAL_POLE,0.000133509728004272,0.181818181818181
8m,TEOm,0.0000242744960007767,0.5
8m,TEpd,0.0000364117440011651,0.333333333333333
8m,TEpv,0.0000121372480003883,0
8m,TH/TF,0.0000121372480003883,0
8m,TPt,0.0000849607360027187,0.142857142857142
8m,V2,0.000121372480003883,0.2
8m,V3,0.0000485489920015535,0.25
8m,V3A,0.0000121372480003883,0
8m,V4,0.000109235232003495,1
8m,V4t,0.00014564697600466,0.583333333333333
8m,V6A,0.000582587904018642,0.4375
8m,VIP,0.000703960384022526,0.344827586206896
9/46d,2,0.0000465918091599496,0.833333333333333
9/46d,5,0.000970662690832285,0.823999999999999
9/46d,9,0.024289863175387,0.588075447570332
9/46d,10,0.00788566370032148,0.574101427868045
9/46d,11,0.000256254950379723,0.545454545454545
9/46d,12,0.00719843451521222,0.292880258899676
9/46d,13,0.000698877137399245,0.138888888888888
9/46d,14,0.0000543571106866079,0.285714285714285
9/46d,23,0.00821568901520446,0.491493383742911
9/46d,31,0.0272872695646771,0.515936254980079
9/46d,32,0.0000310612061066331,0
9/46d,44,0.00946201991023311,0.405826836274107
9/46d,24a,0.00062898942365932,0.172839506172839
9/46d,24b,0.000516392551522775,0.248120300751879
9/46d,24c,0.00303623289692338,0.413043478260869
9/46d,24d,0.000551336408392737,0.338028169014084
9/46d,29/30,0.00543959371942412,0.309778729478943
9/46d,45A,0.0200500085418316,0.522269558481797
9/46d,45B,0.00423985463355542,0.518315018315018
9/46d,46d,0.195724424979421,0.559769886927196
9/46d,46v,0.0968061314820854,0.434805278145429
9/46d,7A,0.000729938343505878,0.723404255319148
9/46d,7B,0.00111043811831213,0.573426573426573
9/46d,7m,0.0346953672211091,0.698075201432408
9/46d,7op,0.000838652564879094,0.555555555555555
9/46d,8B,0.0709748559536566,0.596389496717724
9/46d,8l,0.0147035984407274,0.533403749669923
9/46d,8m,0.22153240460327,0.581418581418581
9/46d,8r,0.0586823836369566,0.623064708217546
9/46d,9/46v,0.0168351737097951,0.528597785977859
9/46d,CORE,0.0000155306030533165,0
9/46d,DP,0.0000465918091599496,0.666666666666666
9/46d,F1,0.0000543571106866079,0.285714285714285
9/46d,F2,0.0218632064483063,0.507369916533475
9/46d,F3,0.00035720387022628,0.391304347826086
9/46d,F4,0.00936883629191321,0.614173228346456
9/46d,F5,0.000636754725185978,0.5
9/46d,F6,0.00964838714687291,0.605633802816901
9/46d,F7,0.0559295842457562,0.633877125997917
9/46d,FST,0.000287316156486356,0.554054054054054
9/46d,Gu,0.0000232959045799748,0
9/46d,INSULA,0.00198015188929786,0.215686274509803
9/46d,LB,0.0000698877137399245,0.333333333333333
9/46d,LIP,0.00243053937784404,0.45367412140575
9/46d,MB,0.00022519374427309,0.137931034482758
9/46d,MIP,0.000163071332059823,0.857142857142857
9/46d,MST,0.00195685598471788,0.373015873015873
9/46d,MT,0.00022519374427309,0.413793103448275
9/46d,OPAI,0.0000310612061066331,0
9/46d,OPRO,0.00129680535495193,0.140718562874251
9/46d,Parainsula,0.00013201012595319,0.147058823529411
9/46d,PBc,0.00201509574616782,0.53179190751445
9/46d,PBr,0.000535805805339421,0.231884057971014
9/46d,PERIRHINAL,0.00000776530152665828,1
9/46d,PGa,0.000458152790072838,0.406779661016949
9/46d,PIP,0.0000155306030533165,1
9/46d,Pro.St.,0.000209663141219773,0.851851851851851
9/46d,ProM,0.000330025314882976,0.0941176470588235
9/46d,SII,0.000120362173663203,0.548387096774193
9/46d,STPc,0.0256216123872089,0.609031671465373
9/46d,STPi,0.00649179207628632,0.52212918660287
9/46d,STPr,0.000151423379769836,0.153846153846153
9/46d,TEa/ma,0.0000116479522899874,0
9/46d,TEa/mp,0.00000776530152665828,0
9/46d,TEad,0.0000155306030533165,0
9/46d,TEav,0.00000776530152665828,0
9/46d,TEMPORAL_POLE,0.000116479522899874,0.333333333333333
9/46d,TEO,0.00000776530152665828,0
9/46d,TPt,0.000838652564879094,0.546296296296296
9/46d,V2,0.0018131979064747,0.687366167023554
9/46d,V3,0.0000465918091599496,0.833333333333333
9/46d,V4,0.000085418316793241,0.818181818181818
9/46d,V6,0.00106384630915218,0.562043795620437
9/46d,V6A,0.0190327540418394,0.793961648306813
9/46d,VIP,0.000760999549612511,0.612244897959183
9/46v,2,0.00178258775206454,0.771844660194174
9/46v,3,0.0000346133544090202,0.666666666666666
9/46v,5,0.0000692267088180404,0.5
9/46v,9,0.000435551376313504,0.23841059602649
9/46v,10,0.000236524588461638,0.378048780487804
9/46v,11,0.0546689088428467,0.569250250619954
9/46v,12,0.128698220585138,0.491752207629207
9/46v,13,0.0135799727131389,0.502973661852166
9/46v,14,0.000461511392120269,0.525
9/46v,23,0.012858861162951,0.517048003589053
9/46v,31,0.0000346133544090202,0.333333333333333
9/46v,32,0.0000894178322233022,0
9/46v,44,0.0799337731152307,0.523094688221709
9/46v,24a,0.0128646300553525,0.461883408071748
9/46v,24b,0.00583811911032141,0.403162055335968
9/46v,24c,0.00659961290731985,0.389860139860139
9/46v,24d,0.0011999296195127,0.620192307692307
9/46v,29/30,0.00550640779723496,0.299109481403876
9/46v,45A,0.0594311295202877,0.462046204620462
9/46v,45B,0.00746494676754536,0.420401854714064
9/46v,46d,0.0373247338377268,0.659659969088098
9/46v,46v,0.284083337419632,0.587269515067825
9/46v,7A,0.0219737111573263,0.616959831976896
9/46v,7B,0.0196690386429257,0.642616219387006
9/46v,7m,0.000767262689399948,0.398496240601503
9/46v,7op,0.000455742499718766,0.525316455696202
9/46v,8B,0.0163951922050725,0.506685432793807
9/46v,8l,0.00299982404878175,0.257692307692307
9/46v,8m,0.0339557006752488,0.597349643221202
9/46v,8r,0.00186912113808709,0.401234567901234
9/46v,9/46d,0.0142549331241148,0.609469850263051
9/46v,AIP,0.00197296120131415,0.584795321637426
9/46v,ENTORHINAL,0.0000230755696060134,0
9/46v,F1,0.0000576889240150337,0.4
9/46v,F2,0.00509970088292898,0.450226244343891
9/46v,F3,0.00122012074291796,0.472813238770685
9/46v,F4,0.0144683821429704,0.442583732057416
9/46v,F5,0.0172836016349041,0.453271028037383
9/46v,F6,0.00797260929887766,0.460202604920405
9/46v,F7,0.00926484119681441,0.424657534246575
9/46v,FST,0.0000230755696060134,0
9/46v,Gu,0.0000807644936210472,0.285714285714285
9/46v,INSULA,0.0101099839336346,0.562910128388017
9/46v,IPa,0.00876294755788362,0.458854509545753
9/46v,LIP,0.0158759918889372,0.551598837209302
9/46v,MB,0.0000230755696060134,0
9/46v,MST,0.00056535145534733,0.428571428571428
9/46v,OPAI,0.000161528987242094,0.0714285714285714
9/46v,OPRO,0.00477664290844479,0.417874396135265
9/46v,Parainsula,0.0000432666930112753,0
9/46v,PBc,0.0000201911234052618,0
9/46v,PBr,0.0000115377848030067,0
9/46v,PERIRHINAL,0.00215756575816226,0.181818181818181
9/46v,PGa,0.00523526985436431,0.436363636363636
9/46v,ProM,0.00898793436154225,0.568677792041078
9/46v,SII,0.0221986979609849,0.674116424116424
9/46v,STPc,0.00097494281585407,0.556213017751479
9/46v,STPi,0.000703804872983411,0.299180327868852
9/46v,STPr,0.000262484604268403,0.34065934065934
9/46v,TEa/ma,0.0111801134741135,0.468524251805985
9/46v,TEa/mp,0.0200728611110309,0.557551372323609
9/46v,TEad,0.000230755696060134,0.05
9/46v,TEav,0.000784569366604458,0.0588235294117647
9/46v,TEMPORAL_POLE,0.000692267088180404,0.0833333333333333
9/46v,TEOm,0.0000230755696060134,1
9/46v,TEpd,0.00010384006322706,0.444444444444444
9/46v,TEpv,0.000692267088180404,0.220833333333333
9/46v,TH/TF,0.0000605733702157854,0
9/46v,TPt,0.00215756575816226,0.48663101604278
9/46v,V3,0.0000115377848030067,1
9/46v,V6A,0.0000807644936210472,0.714285714285714
9/46v,VIP,0.0000346133544090202,0.666666666666666
DP,9,0.0000158995782636865,1
DP,12,0.00000397489456592163,0
DP,23,0.00203117112318595,0.189823874755381
DP,31,0.0021861920112569,0.327272727272727
DP,24b,0.000906275961030133,0.342105263157894
DP,24c,0.0000278242619614514,0
DP,29/30,0.000397489456592163,0.63
DP,45A,0.0000158995782636865,0.75
DP,45B,0.000675732076206678,0.788235294117647
DP,46d,0.000755229967525111,0.489473684210526
DP,46v,0.000131171520675414,0.0909090909090909
DP,7A,0.117974870716554,0.344642857142857
DP,7m,0.000234518779389376,0
DP,8B,0.00112489516215582,0.360424028268551
DP,8m,0.00193179875903791,0.516460905349794
DP,8r,0.000441213296817301,0.423423423423423
DP,9/46d,0.000783054229486562,0.365482233502538
DP,ENTORHINAL,0.00046108776964691,0.0517241379310344
DP,F2,0.00153828419701167,0.330749354005167
DP,F4,0.0000158995782636865,0
DP,F5,0.0000158995782636865,0
DP,F7,0.000647907814245227,0.0858895705521472
DP,FST,0.0103704999224895,0.266385588348026
DP,INSULA,0.00000397489456592163,1
DP,IPa,0.000779079334920641,0.23469387755102
DP,LIP,0.0202043890785796,0.368089710800708
DP,MIP,0.00648702793158411,0.251838235294117
DP,MST,0.05184057492875,0.302100904769207
DP,MT,0.16242214175269,0.481229504184817
DP,PBc,0.000143096204373179,0
DP,PERIRHINAL,0.0000397489456592163,0.2
DP,PGa,0.00089832617189829,0.0929203539823008
DP,PIP,0.0371056407728785,0.437279057311194
DP,Pro.St.,0.000266317935916749,0.208955223880597
DP,STPc,0.000337866038103339,0
DP,STPi,0.0000476987347910596,0
DP,STPr,0.00000794978913184327,1
DP,TEa/ma,0.000369665194630712,0.086021505376344
DP,TEa/mp,0.000214644306559768,0.037037037037037
DP,TEad,0.0000317991565273731,0
DP,TEav,0.0000476987347910596,0
DP,TEO,0.000337866038103339,0.152941176470588
DP,TEOm,0.00787029124052484,0.349494949494949
DP,TEpd,0.00121631773717202,0.166666666666666
DP,TEpv,0.0269577349460805,0.434974933647891
DP,TH/TF,0.0179983225944931,0.204946996466431
DP,TPt,0.0000953974695821193,0.0833333333333333
DP,V1,0.0000119246836977649,0
DP,V2,0.0790248788650881,0.914994215582717
DP,V3,0.00504016630958863,0.924290220820189
DP,V3A,0.032053549779592,0.718998015873015
DP,V4,0.337607669956554,0.501371637134279
DP,V4t,0.00790606529161813,0.219205630970336
DP,V6,0.0202043890785796,0.679126500098367
DP,V6A,0.0388267701199225,0.582207207207207
DP,VIP,0.000914225750161976,0.0608695652173913
F1,1,0.00121549075439208,0.888888888888888
F1,2,0.125465656758916,0.619662719770362
F1,3,0.00992650782753536,0.517006802721088
F1,5,0.108977749766468,0.558917690798306
F1,9,0.0000450181760885957,0
F1,23,0.0320529413750801,0.544943820224719
F1,44,0.000405163584797361,0.333333333333333
F1,24b,0.00424296309635015,0.0371352785145888
F1,24c,0.00432174490450519,0.114583333333333
F1,24d,0.0207646337208647,0.412466124661246
F1,29/30,0.0000450181760885957,0
F1,7A,0.000360145408708766,0.375
F1,7op,0.00659516279697928,0.233788395904436
F1,8B,0.000360145408708766,0.5
F1,8m,0.0000450181760885957,0
F1,F2,0.402046076103226,0.433306273269322
F1,F3,0.229941588916525,0.476824433458959
F1,F4,0.0294306326179194,0.407265774378585
F1,F5,0.00900363521771915,0.299999999999999
F1,F6,0.00779939900734921,0.122655122655122
F1,F7,0.00334259957457823,0.38047138047138
F1,INSULA,0.00265607238922715,0.610169491525423
F1,MB,0.00031512723262017,0.285714285714285
F1,MST,0.000191327248376532,0.470588235294117
F1,ProM,0.000360145408708766,0
F1,STPc,0.0000900363521771915,0.5
F2,3,0.00581084983678863,0.716867469879518
F2,5,0.0187627440513175,0.734141791044776
F2,12,0.000122517918245543,0
F2,13,0.0000875127987468167,0.1
F2,23,0.0835572202434606,0.643485546711353
F2,31,0.00010501535849618,1
F2,44,0.000638843430851762,0.698630136986301
F2,24a,0.00031504607548854,0.277777777777777
F2,24b,0.0211780972967296,0.194628099173553
F2,24c,0.0312420691526135,0.392997198879551
F2,24d,0.135224776623581,0.542583484338596
F2,45B,0.0000437563993734083,1
F2,46v,0.000455066553483446,0.326923076923076
F2,7A,0.00833996972057163,0.389296956977964
F2,7B,0.00005250767924809,0.333333333333333
F2,7m,0.00747359301297814,0.791569086651053
F2,7op,0.0124355687019226,0.622800844475721
F2,8B,0.000140020477994906,0.25
F2,8l,0.0000175025597493633,0
F2,8m,0.000236284556616405,0.592592592592592
F2,8r,0.000026253839624045,1
F2,9/46d,0.000166274317618951,0.578947368421052
F2,9/46v,0.000253787116365768,0.344827586206896
F2,AIP,0.00005250767924809,0.5
F2,F1,0.162756303109329,0.674588665447897
F2,F3,0.339829700093638,0.595951792336217
F2,F4,0.00419186305997252,0.757828810020876
F2,F5,0.0415423255651138,0.743206235517168
F2,F6,0.0756985709159964,0.477109826589595
F2,F7,0.0245123349289833,0.397001071046054
F2,INSULA,0.00647594710726443,0.433783783783783
F2,IPa,0.00005250767924809,0
F2,LIP,0.0000700102389974533,0.875
F2,MB,0.000306294795613858,0.342857142857142
F2,MIP,0.00220532252841978,0.773809523809523
F2,MST,0.000402558874235356,0.608695652173913
F2,MT,0.00000875127987468167,0
F2,OPRO,0.00021003071699236,0.0833333333333333
F2,Parainsula,0.0000962640786214983,0
F2,PBr,0.0000612589591227717,1
F2,PERIRHINAL,0.0000350051194987266,0
F2,PGa,0.000122517918245543,0.642857142857142
F2,ProM,0.000078761518872135,0
F2,SII,0.00005250767924809,0
F2,STPc,0.000376305034611311,0.883720930232558
F2,STPi,0.000446315273608765,0.88235294117647
F2,STPr,0.0000437563993734083,0.599999999999999
F2,TEa/ma,0.00005250767924809,0.5
F2,TEMPORAL_POLE,0.000026253839624045,0
F2,TPt,0.0135294786862578,0.528460543337645
F2,VIP,0.000078761518872135,1
F5,1,0.00239887224332783,0.681274900398406
F5,2,0.198709769908967,0.634610297477334
F5,3,0.0100160084103887,0.603053435114503
F5,5,0.0000955725993357704,0.4
F5,9,0.0000477862996678852,0.4
F5,10,0.0000907939693689819,0.842105263157894
F5,11,0.000148137528970444,0.193548387096774
F5,12,0.0118701168375026,0.526972624798711
F5,13,0.000114687119202924,0
F5,14,0.0000143358899003655,1
F5,23,0.000124244379136501,0.384615384615384
F5,25,0.00000477862996678852,1
F5,32,0.0000382290397343081,0.75
F5,44,0.00227462786419133,0.581932773109243
F5,24a,0.00074068764485222,0.206451612903225
F5,24b,0.00012902300910329,0.074074074074074
F5,24c,0.0082813657324445,0.50201961915753
F5,24d,0.000487420256612429,0.490196078431372
F5,29/30,0.0000143358899003655,0
F5,45A,0.0000286717798007311,0
F5,45B,0.000105129859269347,0.272727272727272
F5,46d,0.0000955725993357704,0.599999999999999
F5,46v,0.000109908489236136,0.391304347826086
F5,7A,0.0000716794495018278,0.2
F5,7B,0.0756361551143287,0.667108920899671
F5,7m,0.00000477862996678852,1
F5,7op,0.0000334504097675196,0.142857142857142
F5,8B,0.0000430076697010966,0.666666666666666
F5,8l,0.000821924354287625,0.581395348837209
F5,8m,0.0000286717798007311,1
F5,8r,0.000253267388239791,0.566037735849056
F5,9/46d,0.0000334504097675196,0.285714285714285
F5,9/46v,0.00279549853057128,0.256410256410256
F5,AIP,0.00326858289728334,0.576023391812865
F5,CORE,0.0000525649296346737,0.363636363636363
F5,ENTORHINAL,0.000114687119202924,0.25
F5,F1,0.00416696533103959,0.795871559633027
F5,F2,0.00110386352232814,0.445887445887445
F5,F3,0.0311041024538264,0.695498540482409
F5,F4,0.515012066040666,0.569320986508805
F5,F6,0.0000334504097675196,0.428571428571428
F5,F7,0.0000382290397343081,1
F5,Gu,0.00831003751224523,0.199539965497412
F5,INSULA,0.00600673786825317,0.231503579952267
F5,LB,0.0000477862996678852,0.8
F5,LIP,0.00649893675483238,0.473529411764705
F5,MB,0.0000286717798007311,0.666666666666666
F5,MIP,0.00000477862996678852,0
F5,OPAI,0.000286717798007311,0.233333333333333
F5,OPRO,0.0055766611712422,0.316195372750642
F5,Parainsula,0.0000238931498339426,1
F5,PBr,0.0000382290397343081,0.75
F5,PERIRHINAL,0.0000716794495018278,0.333333333333333
F5,ProM,0.0443695792416314,0.312008616047388
F5,SII,0.0576541705493035,0.545296311645254
F5,STPc,0.00000477862996678852,0
F5,STPi,0.000019114519867154,0.5
F5,STPr,0.0000382290397343081,0
F5,TEa/ma,0.0000669008195350393,0
F5,TEa/mp,0.000019114519867154,1
F5,TEav,0.000114687119202924,0.25
F5,TEMPORAL_POLE,0.0000477862996678852,0.4
F5,TEOm,0.0000143358899003655,1
F5,TEpd,0.0000286717798007311,0.333333333333333
F5,TEpv,0.0000477862996678852,0.2
F5,TH/TF,0.00000955725993357704,0
F5,V1,0.0000525649296346737,1
F5,V2,0.0000334504097675196,0.571428571428571
F5,V3,0.00000477862996678852,0
F5,V6,0.00000955725993357704,0
F5,V6A,0.0000143358899003655,1
F7,1,0.0000112838798492473,0
F7,3,0.000124122678341721,0.545454545454545
F7,5,0.0000451355193969894,0.25
F7,9,0.115761323373428,0.619066185788088
F7,10,0.00148947214010065,0.121212121212121
F7,11,0.000270813116381936,0.5
F7,12,0.0120963191983931,0.398320895522388
F7,13,0.00258400848547764,0.445414847161572
F7,14,0.0000225677596984947,1
F7,23,0.0303874884340231,0.680282213145191
F7,31,0.00482950057547787,0.915887850467289
F7,32,0.000259529236532689,0.217391304347826
F7,44,0.0101667757441718,0.705882352941176
F7,24a,0.0107873891358804,0.302301255230125
F7,24b,0.0647920380943783,0.293974225008707
F7,24c,0.0935433639502606,0.411580217129071
F7,24d,0.0180316399990972,0.590738423028785
F7,45A,0.0343481302611089,0.671813403416557
F7,45B,0.006386675994674,0.704946996466431
F7,46d,0.000902710387939789,0
F7,46v,0.0148044503622125,0.493140243902439
F7,7A,0.00218907269075398,0.5
F7,7B,0.0000564193992462368,0.599999999999999
F7,7m,0.00561937216492518,0.925702811244979
F7,7op,0.00038365191487441,0.735294117647058
F7,8B,0.103766559093678,0.379186602870813
F7,8l,0.00312563471824152,0.693140794223826
F7,8m,0.0369095709868881,0.555181901559156
F7,8r,0.00225677596984947,0.51
F7,9/46d,0.0250727810250276,0.451845184518451
F7,9/46v,0.00378009974949786,0.53731343283582
F7,F1,0.000315948635778926,0.357142857142857
F7,F2,0.0989596262778993,0.491220068415051
F7,F3,0.0100877885852271,0.589485458612975
F7,F4,0.00271941504366861,0.560165975103734
F7,F5,0.00203109837286452,0.605555555555555
F7,F6,0.242377739161833,0.468482309124767
F7,FST,0.0000789871589447315,0.857142857142857
F7,INSULA,0.00208751777211076,0.643243243243243
F7,IPa,0.0029789442802013,0.71590909090909
F7,LIP,0.000440071314120647,0.487179487179487
F7,MB,0.00157974317889463,0.442857142857142
F7,MST,0.000631897271557852,0.75
F7,OPRO,0.00108325246552774,0.239583333333333
F7,Parainsula,0.000564193992462368,0.12
F7,PBc,0.0000225677596984947,1
F7,PBr,0.0025501568459299,0.716814159292035
F7,PERIRHINAL,0.0000564193992462368,0
F7,PGa,0.00283225384216108,0.812749003984063
F7,ProM,0.000180542077587957,0.375
F7,SII,0.0000451355193969894,0.5
F7,STPc,0.00183927241542732,0.822085889570552
F7,STPi,0.011633680124574,0.762366634335596
F7,STPr,0.00656721807226196,0.716494845360824
F7,TEa/ma,0.000913994267789036,0.925925925925925
F7,TEa/mp,0.0000225677596984947,0
F7,TEav,0.0000677032790954841,0.333333333333333
F7,TEMPORAL_POLE,0.00059804563201011,0.547169811320754
F7,TEO,0.0000451355193969894,0.5
F7,TH/TF,0.0000451355193969894,1
F7,TPt,0.00173771749678409,0.74025974025974
F7,V2,0.0000902710387939789,0.625
F7,VIP,0.0000112838798492473,1
MT,1,0.00000297790099670346,1
MT,2,0.0000238232079736277,0
MT,23,0.000113160237874731,0.0263157894736842
MT,32,0.00000297790099670346,0
MT,24a,0.0000104226534884621,0
MT,24b,0.00000446685149505519,0
MT,29/30,0.0000178674059802207,0.166666666666666
MT,45A,0.00000297790099670346,0
MT,45B,0.000500287367446181,0.452380952380952
MT,7A,0.000452640951498926,0.661184210526315
MT,8l,0.00227511636148144,0.672774869109947
MT,8m,0.00062833711030443,0.407582938388625
MT,8r,0.0000804033269109935,0.703703703703703
MT,9/46d,0.00000595580199340692,1
MT,9/46v,0.000038712712957145,0.846153846153846
MT,DP,0.0146453171017876,0.837738918259455
MT,F1,0.00000297790099670346,0
MT,F2,0.00000595580199340692,0.5
MT,F4,0.0000208453069769242,0.142857142857142
MT,F5,0.00000297790099670346,0
MT,FST,0.0618569595035243,0.285865588291931
MT,INSULA,0.0000446685149505519,0.0666666666666666
MT,IPa,0.0013326106960248,0.0558659217877094
MT,LB,0.00000297790099670346,1
MT,LIP,0.0228673017536858,0.529105352259408
MT,MB,0.0000804033269109935,0.074074074074074
MT,MIP,0.0000119116039868138,0
MT,MST,0.00574288207214262,0.186932849364791
MT,OPRO,0.00000297790099670346,1
MT,PBr,0.0000178674059802207,0
MT,PERIRHINAL,0.000887414497017632,0.00335570469798657
MT,PGa,0.00606598433028495,0.039273441335297
MT,PIP,0.00932231907018019,0.61475802587446
MT,Pro.St.,0.00000893370299011039,0.333333333333333
MT,ProM,0.00000297790099670346,0
MT,SII,0.00000297790099670346,0
MT,STPc,0.00178078479602867,0.0501672240802675
MT,STPi,0.000217386772759352,0.0273972602739726
MT,STPr,0.000242698931231332,0.0122699386503067
MT,TEa/ma,0.00226618265849133,0.0578186596583442
MT,TEa/mp,0.0150562674393327,0.324367088607594
MT,TEad,0.00106013275482643,0.0168539325842696
MT,TEav,0.00115840348771764,0.00514138817480719
MT,TEMPORAL_POLE,0.0000238232079736277,0
MT,TEO,0.038200513985712,0.332709697536638
MT,TEOm,0.0884496154040862,0.362130496262877
MT,TEpd,0.0135524274359974,0.207866402988354
MT,TEpv,0.0189066934280702,0.234682627185383
MT,TH/TF,0.00941314505057964,0.165137614678899
MT,TPt,0.0000268011089703311,0.444444444444444
MT,V1,0.018994541507473,0.890491494865564
MT,V2,0.119462965334254,0.941682350155173
MT,V3,0.051044200984494,0.896388775450673
MT,V3A,0.0335162757178974,0.863349622390048
MT,V4,0.380927139696313,0.615316061852124
MT,V4t,0.0771127463096361,0.470747248503572
MT,V6A,0.00000297790099670346,1
MT,VIP,0.00149490630034513,0.513944223107569
PBr,9,0.00125281884239538,0.281818181818181
PBr,10,0.00887223525660007,0.596277278562259
PBr,11,0.000694744994419261,0.245901639344262
PBr,12,0.00793831575590533,0.665710186513629
PBr,13,0.00233479875173686,0.309756097560975
PBr,14,0.000136671146443133,0
PBr,23,0.0128214619256964,0.278481012658227
PBr,25,0.00102788091387439,0.124653739612188
PBr,31,0.00185929705473679,0.355283307810107
PBr,32,0.0026508507778866,0.297529538131041
PBr,24a,0.00131261246896426,0.292841648590021
PBr,24b,0.00105635406938338,0.353099730458221
PBr,24c,0.000111045306485045,0.41025641025641
PBr,24d,0.0000227785244071889,0
PBr,29/30,0.00806644495569576,0.208965760677726
PBr,45A,0.000375845652718616,0.439393939393939
PBr,45B,0.0000569463110179722,0.8
PBr,46d,0.00419694312202455,0.485074626865671
PBr,46v,0.000868431243024076,0.373770491803278
PBr,7A,0.0000227785244071889,0.5
PBr,7m,0.000216395981868294,0.157894736842105
PBr,8B,0.000925377554042049,0.353846153846153
PBr,8l,0.00000284731555089861,0
PBr,8m,0.000444181225940183,0.583333333333333
PBr,8r,0.00000284731555089861,0
PBr,9/46d,0.00412291291770119,0.558011049723756
PBr,CORE,0.0836712147787066,0.532804736949567
PBr,DP,0.0000569463110179722,1
PBr,ENTORHINAL,0.00804366643128858,0.0138053097345132
PBr,F6,0.0000227785244071889,1
PBr,F7,0.000133823830892234,0.680851063829787
PBr,FST,0.00010250335983235,0.555555555555555
PBr,INSULA,0.00132969636226965,0.310492505353319
PBr,IPa,0.0000540989954670736,0
PBr,LB,0.0505967973394683,0.615700619020821
PBr,LIP,0.00000854194665269583,1
PBr,MB,0.0922957335823785,0.53398118155175
PBr,MST,0.000116739937586843,0.634146341463414
PBr,OPAI,0.00254550010250336,0.45413870246085
PBr,OPRO,0.0026536980934375,0.0311158798283261
PBr,Parainsula,0.00765643151636636,0.309408702119747
PBr,PBc,0.104835311268536,0.587386946956734
PBr,PERIRHINAL,0.00113607890480854,0.037593984962406
PBr,PGa,0.00246577526707819,0.184757505773672
PBr,Pro.St.,0.00633812441630031,0.163971248876909
PBr,ProM,0.00000854194665269583,0
PBr,STPc,0.0528945809890435,0.701458793131291
PBr,STPi,0.284227580237352,0.565771415405267
PBr,STPr,0.0678002778979977,0.454308751889803
PBr,TEMPORAL_POLE,0.143296849730074,0.399964233910227
PBr,TH/TF,0.0255375731760096,0.242390456015163
PBr,TPt,0.000743149358784537,0.601532567049808
PBr,V2,0.0000113892622035944,1
PBr,V4,0.0000227785244071889,0
ProM,1,0.000022093466409646,1
ProM,2,0.0275174124132141,0.551987153753512
ProM,3,0.00011046733204823,0
ProM,9,0.000022093466409646,0
ProM,11,0.000055233666024115,0
ProM,12,0.131290424139321,0.643247791333613
ProM,13,0.00162386978110898,0.159863945578231
ProM,44,0.0110688266712326,0.529940119760479
ProM,24a,0.0020215521764826,0.459016393442622
ProM,24b,0.000104943965445818,0.421052631578947
ProM,24c,0.00246342150467553,0.354260089686098
ProM,24d,0.000115990698650641,0.619047619047619
ProM,46d,0.000011046733204823,1
ProM,46v,0.000314831896337455,0.596491228070175
ProM,7A,0.0000165700998072345,0.666666666666666
ProM,7B,0.00111019668708471,0.611940298507462
ProM,7op,0.0000718037658313495,0.23076923076923
ProM,9/46v,0.0180779788896928,0.650779101741521
ProM,AIP,0.00422537545084479,0.678431372549019
ProM,ENTORHINAL,0.00222591674077183,0.233250620347394
ProM,F1,0.000066280399228938,0
ProM,F2,0.000011046733204823,0.5
ProM,F3,0.00153549591547039,0.79136690647482
ProM,F4,0.00319250589619384,0.242214532871972
ProM,F5,0.314323746610033,0.760560905320868
ProM,Gu,0.175085197929842,0.622133190321461
ProM,INSULA,0.0240929251197189,0.366345712975699
ProM,LIP,0.000596523593060442,0.611111111111111
ProM,MB,0.000022093466409646,0
ProM,OPAI,0.0038939734547001,0.239716312056737
ProM,OPRO,0.0275118890466116,0.304758080706685
ProM,PERIRHINAL,0.00122618738573535,0.018018018018018
ProM,PGa,0.000022093466409646,0
ProM,SII,0.242553120978298,0.608370906772327
ProM,TEa/ma,0.00119304718612088,0.407407407407407
ProM,TEav,0.000309308529735044,0.232142857142857
ProM,TEMPORAL_POLE,0.00189451474462714,0.221574344023323
STPc,2,0.0000709647659936841,0.2
STPc,5,0.0000283859063974736,1
STPc,9,0.0000283859063974736,0.5
STPc,10,0.00144768122627115,0.411764705882352
STPc,12,0.00413014938083241,0.329896907216494
STPc,13,0.0021786183160061,0.185667752442996
STPc,23,0.00315083561011957,0.193693693693693
STPc,31,0.00178831210304084,0.103174603174603
STPc,24b,0.000468367455558315,0.424242424242424
STPc,24c,0.0000141929531987368,0
STPc,29/30,0.000340630876769683,0
STPc,45A,0.0000283859063974736,0
STPc,45B,0.000766419472731788,0.462962962962962
STPc,46d,0.00716744136536209,0.639603960396039
STPc,46v,0.00306567789092715,0.583333333333333
STPc,7A,0.00144768122627115,0.441176470588235
STPc,7B,0.000227087251179789,0.375
STPc,7m,0.0000425788595962104,0
STPc,7op,0.000823191285526735,0.689655172413793
STPc,8B,0.000794805379129262,0.5
STPc,8l,0.000510946315154525,0.805555555555555
STPc,8m,0.00725259908455451,0.553816046966731
STPc,8r,0.000496753361955788,0.514285714285714
STPc,9/46d,0.00229925841819536,0.314814814814814
STPc,CORE,0.0132987971472164,0.779082177161152
STPc,DP,0.000198701344782315,0.785714285714285
STPc,ENTORHINAL,0.000596104034346946,0
STPc,F5,0.00103608558350778,0.602739726027397
STPc,F6,0.0000141929531987368,1
STPc,F7,0.000723840613135578,0.274509803921568
STPc,FST,0.0062448994074442,0.468181818181818
STPc,INSULA,0.0202604406911968,0.666199649737302
STPc,IPa,0.00618812759464925,0.338302752293577
STPc,LB,0.0571976013909094,0.660421836228287
STPc,LIP,0.0286413795550509,0.670961347869177
STPc,MB,0.0224177695774048,0.643241532130421
STPc,MST,0.18561544193308,0.582199113014222
STPc,MT,0.000738033566334314,0.423076923076923
STPc,Parainsula,0.00021999077458042,0.129032258064516
STPc,PBc,0.0922329063619912,0.532199738401169
STPc,PBr,0.0201539935422062,0.210915492957746
STPc,PERIRHINAL,0.00066706880034063,0.0425531914893617
STPc,PGa,0.0120285278359294,0.466076696165191
STPc,PIP,0.00491076180676294,0.705202312138728
STPc,Pro.St.,0.000198701344782315,0
STPc,STPi,0.409551857502749,0.611415303576379
STPc,STPr,0.0123975446190966,0.155981682884945
STPc,TEa/ma,0.000525139268353262,0.135135135135135
STPc,TEa/mp,0.000383209736365894,0.296296296296296
STPc,TEad,0.000766419472731788,0.0185185185185185
STPc,TEav,0.000397402689564631,0.0357142857142857
STPc,TEMPORAL_POLE,0.00386048327005641,0.0330882352941176
STPc,TEO,0.000170315438384841,0.5
STPc,TEOm,0.00031224497037221,0.159090909090909
STPc,TEpd,0.000808998332327999,0.280701754385964
STPc,TEpv,0.00143348827307241,0.108910891089108
STPc,TH/TF,0.0093673491111663,0.0454545454545454
STPc,TPt,0.0459851683639073,0.607407407407407
STPc,V2,0.000397402689564631,0.214285714285714
STPc,V3A,0.0000283859063974736,1
STPc,V4,0.0013909094134762,0.520408163265306
STPc,V6A,0.0000141929531987368,0
STPc,VIP,0.0000567718127949473,0
STPi,9,0.00045710961280738,0.136363636363636
STPi,10,0.0232606459789937,0.778472532380527
STPi,11,0.000311665645095941,0.1
STPi,12,0.00578659214394797,0.337522441651705
STPi,13,0.000207777096730627,0.2
STPi,14,0.0131419013682121,0.682213438735177
STPi,23,0.000446720757970848,0.0697674418604651
STPi,25,0.0026179914188059,0.571428571428571
STPi,32,0.000332443354769003,0.375
STPi,24c,0.000135055112874907,0
STPi,24d,0.0000415554193461254,0
STPi,29/30,0.0000415554193461254,0
STPi,45A,0.000373998774115129,0
STPi,46d,0.00350104407991107,0.43620178041543
STPi,46v,0.00251410287044059,0.483471074380165
STPi,8B,0.000207777096730627,0.4
STPi,8m,0.0000415554193461254,0
STPi,9/46d,0.000197388241894096,0.368421052631578
STPi,CORE,0.0181597182542568,0.870709382151029
STPi,F6,0.0000831108386922509,1
STPi,F7,0.0000831108386922509,1
STPi,Gu,0.0000415554193461254,0
STPi,INSULA,0.000602553580518819,0.896551724137931
STPi,IPa,0.00112199632234538,0.407407407407407
STPi,LB,0.0700208815982214,0.809198813056379
STPi,LIP,0.0000415554193461254,0.5
STPi,MB,0.0107628536106464,0.787644787644787
STPi,MST,0.0685456642114339,0.71354956047287
STPi,MT,0.0000415554193461254,1
STPi,OPRO,0.000581775870845756,0.5
STPi,Parainsula,0.000851886096595572,0.146341463414634
STPi,PBc,0.0563699263430192,0.80501290084777
STPi,PBr,0.334770458252386,0.549962760675273
STPi,PERIRHINAL,0.0000415554193461254,1
STPi,PGa,0.00415554193461254,0.375
STPi,Pro.St.,0.0000727219838557195,0
STPi,STPc,0.227993808242517,0.806433974300555
STPi,STPr,0.0249540293173483,0.302248126561198
STPi,TEa/ma,0.0000831108386922509,0
STPi,TEa/mp,0.000270110225749815,0.461538461538461
STPi,TEav,0.000166221677384501,0.25
STPi,TEMPORAL_POLE,0.125684365812356,0.752851711026615
STPi,TEpd,0.000145443967711439,0.428571428571428
STPi,TH/TF,0.000623331290191882,0.766666666666666
STPi,TPt,0.0000831108386922509,0.5
STPi,V4t,0.0000311665645095941,0
STPr,9,0.00171323968714279,0.746019108280254
STPr,10,0.0329553111794345,0.655049668874172
STPr,11,0.00459955750401711,0.40717674970344
STPr,12,0.0168445835163426,0.597700218641185
STPr,13,0.00145679935180613,0.344569288389513
STPr,14,0.0130007065749665,0.488091490924352
STPr,23,0.000647921060026135,0.334736842105263
STPr,25,0.00699481935960846,0.366614664586583
STPr,32,0.00161775658355999,0.526138279932546
STPr,44,0.000114579724299358,0.238095238095238
STPr,24a,0.00087298837561416,0.4625
STPr,24b,0.00133403536148538,0.625766871165644
STPr,24c,0.000272808867379425,0.849999999999999
STPr,29/30,0.000137768478026609,0.099009900990099
STPr,45A,0.0021824709390354,0.625
STPr,45B,0.000807514247443098,0.804054054054054
STPr,46d,0.0101048404477339,0.555615550755939
STPr,46v,0.00898905218015206,0.535204855842185
STPr,7A,0.000193694295839391,0.859154929577464
STPr,8B,0.000600179508234735,0.836363636363636
STPr,8l,0.0000491055961282965,0.333333333333333
STPr,8m,0.000354651527593252,0.738461538461538
STPr,8r,0.0000600179508234735,0.727272727272727
STPr,9/46d,0.000102303325267284,0.479999999999999
STPr,9/46v,0.000538797513074364,0.70886075949367
STPr,CORE,0.00100666472063007,0.319783197831978
STPr,DP,0.0000381932414331195,0.714285714285714
STPr,ENTORHINAL,0.00394481622230648,0.0608575380359612
STPr,F1,0.000010912354695177,0.5
STPr,F2,0.0000163685320427655,0.666666666666666
STPr,F4,0.0000054561773475885,1
STPr,F7,0.0000518336848020908,0.789473684210526
STPr,FST,0.00232705963874649,0.723329425556858
STPr,Gu,0.0000054561773475885,0
STPr,INSULA,0.000984840011239725,0.318559556786703
STPr,IPa,0.0209817299901516,0.42894292029645
STPr,LB,0.00731127764576859,0.452985074626865
STPr,LIP,0.000124128034657638,0.901098901098901
STPr,MB,0.0168568599153746,0.496034957112801
STPr,MST,0.0188510927359182,0.645730824891461
STPr,MT,0.0000163685320427655,0.833333333333333
STPr,OPAI,0.000297361665443573,0.394495412844036
STPr,OPRO,0.00619821746686054,0.320862676056338
STPr,Parainsula,0.00632370954585507,0.541846419327006
STPr,PBc,0.0089208499633072,0.52874617737003
STPr,PBr,0.198558477944767,0.457098498275696
STPr,PERIRHINAL,0.00979929451626895,0.356069042316258
STPr,PGa,0.0331953829827284,0.533777120315581
STPr,Pro.St.,0.000126856123331432,0.086021505376344
STPr,STPc,0.0302613236140627,0.880279468109082
STPr,STPi,0.240140005510739,0.606429991479693
STPr,TEa/ma,0.02389260060509,0.401918246174925
STPr,TEa/mp,0.00402393079384652,0.341694915254237
STPr,TEad,0.000624732306298883,0.515283842794759
STPr,TEav,0.0137986725120513,0.511269276393831
STPr,TEMPORAL_POLE,0.226529571117179,0.50010838672383
STPr,TEO,0.0000054561773475885,0
STPr,TEOm,0.000212790916555951,0.666666666666666
STPr,TEpd,0.000957559124501782,0.287749287749287
STPr,TEpv,0.0016614060023407,0.500821018062397
STPr,TH/TF,0.0153714156324937,0.366758363652497
STPr,TPt,0.0000136404433689712,0.4
STPr,V2,0.0000054561773475885,1
STPr,V4,0.00000272808867379425,1
TEO,1,0.0000256476019492177,0
TEO,2,0.0000384714029238266,0
TEO,3,0.000121826109258784,0.210526315789473
TEO,5,0.0000256476019492177,1
TEO,11,0.0000128238009746088,0
TEO,12,0.000237240318030264,0.378378378378378
TEO,23,0.0000128238009746088,1
TEO,44,0.0000128238009746088,0.5
TEO,24a,0.0000769428058476532,0
TEO,24b,0.0000384714029238266,0
TEO,24d,0.0000192357014619133,0.333333333333333
TEO,45A,0.0000192357014619133,0.666666666666666
TEO,45B,0.000416773531674788,0.507692307692307
TEO,46d,0.0000128238009746088,0.5
TEO,46v,0.0000384714029238266,0.5
TEO,7A,0.000461656835085919,0
TEO,7B,0.0000256476019492177,1
TEO,7m,0.0000512952038984354,0.375
TEO,8B,0.0000128238009746088,0
TEO,8l,0.00608489356245191,0.749209694415173
TEO,8r,0.000538599640933572,0.797619047619047
TEO,9/46d,0.0000256476019492177,1
TEO,9/46v,0.00039112592972557,0.672131147540983
TEO,DP,0.0011669658886894,0.263736263736263
TEO,ENTORHINAL,0.0000256476019492177,1
TEO,F2,0.00000641190048730443,1
TEO,F5,0.0000384714029238266,0.833333333333333
TEO,F7,0.000044883303411131,0.857142857142857
TEO,FST,0.0697486535008976,0.371943371943371
TEO,INSULA,0.000128238009746088,0.299999999999999
TEO,IPa,0.00558476532444216,0.117106773823191
TEO,LB,0.0000128238009746088,1
TEO,LIP,0.00789946140035906,0.308441558441558
TEO,MB,0.0000384714029238266,0
TEO,MIP,0.0000192357014619133,0
TEO,MST,0.000583482944344703,0
TEO,MT,0.0243972813541933,0.424178712220762
TEO,Parainsula,0.000044883303411131,0.714285714285714
TEO,PBc,0.0000769428058476532,1
TEO,PBr,0.0000512952038984354,0.25
TEO,PERIRHINAL,0.0175109002308284,0.0377151226656902
TEO,PGa,0.00454603744549884,0.0394922425952045
TEO,PIP,0.00171197743011028,0.48314606741573
TEO,ProM,0.0000128238009746088,1
TEO,STPc,0.0000192357014619133,0
TEO,STPi,0.000128238009746088,0
TEO,STPr,0.0013144395998974,0.073170731707317
TEO,TEa/ma,0.0156899204924339,0.474049856967715
TEO,TEa/mp,0.0294883303411131,0.307675581648184
TEO,TEad,0.00880353936906899,0.233794610342316
TEO,TEav,0.0156322133880482,0.306808859721082
TEO,TEMPORAL_POLE,0.000314183123877917,0.183673469387755
TEO,TEOm,0.0403372659656322,0.482753139405499
TEO,TEpd,0.231322133880482,0.349668764032486
TEO,TEpv,0.0907604513977943,0.304415400918403
TEO,TH/TF,0.0145934855091048,0.023725834797891
TEO,V2,0.0246152859707617,0.936962750716332
TEO,V3,0.122396768402154,0.842527109853842
TEO,V3A,0.000493716337522441,0.337662337662337
TEO,V4,0.25587330084637,0.664085601162732
TEO,V4t,0.00586688894588355,0.520218579234972
TEpd,3,0.0000050127072127844,1
TEpd,11,0.0000350889504894908,0.142857142857142
TEpd,12,0.00182211907184713,0.504814305364511
TEpd,13,0.000340864090469339,0.566176470588235
TEpd,23,0.00000751906081917661,0
TEpd,44,0.0000275698896703142,0.272727272727272
TEpd,24a,0.000270686189490358,0.203703703703703
TEpd,24b,0.0000350889504894908,0.142857142857142
TEpd,45A,0.000942388956003468,0.712765957446808
TEpd,45B,0.00648644313334302,0.675425038639876
TEpd,46d,0.0000150381216383532,0
TEpd,46v,0.000408535637841929,0.429447852760736
TEpd,7A,0.00202012100675211,0.503722084367245
TEpd,8l,0.00459414616051691,0.725040916530278
TEpd,8m,0.000025063536063922,0.2
TEpd,8r,0.00191986686249642,0.596605744125326
TEpd,9/46v,0.00141859614121798,0.485865724381625
TEpd,CORE,0.00000751906081917661,0
TEpd,DP,0.0000802033154045505,0.6875
TEpd,ENTORHINAL,0.000343370444075731,0.102189781021897
TEpd,F5,0.00000751906081917661,0
TEpd,F6,0.0000150381216383532,0.666666666666666
TEpd,FST,0.00104514945386554,0.225419664268585
TEpd,INSULA,0.0000776969617981583,0
TEpd,IPa,0.00634608733138506,0.178909952606635
TEpd,LB,0.0000150381216383532,0
TEpd,LIP,0.0028271668680104,0.721631205673758
TEpd,MB,0.0000050127072127844,0
TEpd,MST,0.0000100254144255688,1
TEpd,MT,0.0000150381216383532,0.333333333333333
TEpd,OPAI,0.0000100254144255688,1
TEpd,OPRO,0.0000802033154045505,0.125
TEpd,Parainsula,0.0000050127072127844,0
TEpd,PBr,0.0000601524865534128,0
TEpd,PERIRHINAL,0.0350688996606397,0.0754716981132075
TEpd,PGa,0.00044362458833142,0.112994350282485
TEpd,PIP,0.000110279558681256,0.863636363636363
TEpd,Pro.St.,0.000050127072127844,0.1
TEpd,SII,0.000493751660459264,0.223350253807106
TEpd,STPc,0.0000050127072127844,0
TEpd,STPi,0.000025063536063922,0.2
TEpd,STPr,0.000428586466693066,0.204678362573099
TEpd,TEa/ma,0.0651626874125909,0.363206277164506
TEpd,TEa/mp,0.243815572476227,0.465136360365546
TEpd,TEad,0.268578346107382,0.516456853834022
TEpd,TEav,0.114956414510784,0.448960013953691
TEpd,TEMPORAL_POLE,0.00117046713418515,0.00856531049250535
TEpd,TEO,0.137626382880602,0.679736300559086
TEpd,TEOm,0.0174241702716386,0.709723820483314
TEpd,TEpv,0.0389612668113668,0.280411707944676
TEpd,TH/TF,0.0161910442972936,0.0359133126934984
TEpd,V2,0.000175444752447454,0.971428571428571
TEpd,V3,0.000190482874085807,0.921052631578947
TEpd,V3A,0.000350889504894908,0.914285714285714
TEpd,V4,0.027389432210654,0.952964860907759
TEpd,V4t,0.0000576461329470206,0.913043478260869
V1,7op,0.0000659050966608084,0.333333333333333
V1,8l,0.000214684118525331,0.1042117938987
V1,8r,0.00000177866315677137,0
V1,CORE,0.000042051754745834,0
V1,DP,0.000490637041097486,0.00396039603960396
V1,FST,0.00753122972460406,0.0209293811178434
V1,IPa,0.00123138579723802,0.0175115207373271
V1,LB,0.0000634481310803355,0.0625
V1,LIP,0.00128736730333548,0.0090893817204301
V1,MB,0.0000378173394569862,0
V1,MST,0.00657381509914302,0.00880432436773186
V1,MT,0.0588525473534034,0.173237489679667
V1,PBc,0.000113822753789407,0.277631578947368
V1,PERIRHINAL,0.00175777147271706,0.00724587163957997
V1,PGa,0.000734234359526822,0.00380952380952381
V1,PIP,0.000849245268272242,0
V1,STPc,0.00165352035728847,0.0362143641503916
V1,STPi,0.000432133483605143,0.0817295443410093
V1,STPr,0.0000193697710907018,0.0476190476190476
V1,TEa/ma,0.000708908111671291,0.0292163009404388
V1,TEa/mp,0.00226808749028876,0.0212622334055139
V1,TEad,0.000876161772768128,0.00588924387646432
V1,TEav,0.00105888828013761,0
V1,TEO,0.0270345555090393,0.0960278150710446
V1,TEOm,0.00192365627604122,0.00989603388525221
V1,TEpd,0.00363082399674475,0.0205006579018157
V1,TEpv,0.00540838534137608,0.00188783383290455
V1,TH/TF,0.00397199466017749,0.00587234846695327
V1,TPt,0.0000219683655536028,0.5
V1,V2,0.732157206186421,0.420794740528446
V1,V3,0.00690650282266755,0.0670213385593043
V1,V3A,0.00218196834145285,0.00435080842724154
V1,V4,0.12773034369581,0.296524614628026
V1,V4t,0.00216778426111256,0.0226496999905188
V2,8l,0.000108907798175644,0.242494824016563
V2,8m,0.0000246772868506778,0
V2,DP,0.00042114875688123,0.0745642701525054
V2,FST,0.00207175558784592,0.0704677965820801
V2,IPa,0.0000634582517916799,0.37037037037037
V2,LIP,0.000953785754111445,0.0491658661746638
V2,MB,0.00000949578036212515,0
V2,MST,0.000745755738574834,0.0188272924277351
V2,MT,0.0357308577193216,0.268649674375463
V2,PBc,0.00000177972360892353,0
V2,PERIRHINAL,0.000204399068792389,0.035
V2,PGa,0.000149510552628734,0.0232909860859044
V2,PIP,0.00043631948303666,0.00631295865809745
V2,STPc,0.0000874023125401056,0
V2,STPi,0.0000694670065305665,0.074074074074074
V2,STPr,0.00000889861804461767,0.4
V2,TEa/ma,0.0000579976529922244,0
V2,TEa/mp,0.0001061158361554,0.0526315789473684
V2,TEad,0.000169612197314459,0.0166666666666666
V2,TEav,0.000237691029642718,0.0142450142450142
V2,TEO,0.00327419020635305,0.0910310559987184
V2,TEOm,0.0016854781025118,0.0513666012219228
V2,TEpd,0.00105268160588938,0.0323762732497334
V2,TEpv,0.00114810255950047,0.0192179833427934
V2,TH/TF,0.00179309161289605,0.0100290927579085
V2,TPt,0.000000930979073452386,0
V2,V1,0.763562237306822,0.735960124778217
V2,V3,0.0312381406479283,0.321376461405531
V2,V3A,0.00193120401981888,0.0274555979531611
V2,V4,0.151331499484247,0.254470984579904
V2,V4t,0.00115822960448327,0.237627105654341
V2,V6,0.0000053391708267706,0
V2,V6A,0.0000269709630390145,0.38095238095238
V2,VIP,0.000132867581406909,0.00757575757575757
V4,45B,0.0000358673341520662,0.25
V4,7A,0.000104648104496694,0.0434782608695652
V4,8l,0.00242079947131753,0.604238305769335
V4,8r,0.0000687807703446278,0.473684210526315
V4,9/46d,0.00000362004054445409,0
V4,9/46v,0.0000160403789806873,0
V4,DP,0.0000974080234077858,0
V4,ENTORHINAL,0.0000646611228614616,0
V4,FST,0.0125398580732898,0.165893739824466
V4,INSULA,0.0000701744515012614,0.483333333333333
V4,IPa,0.00127012618511984,0.0620915032679738
V4,LB,0.0000106935859871249,1
V4,LIP,0.00266255325323753,0.215392934390771
V4,MST,0.000126035276470943,0.0434782608695652
V4,MT,0.0846793577327581,0.460765636318955
V4,PERIRHINAL,0.00748357161077073,0.000433651344319167
V4,PGa,0.000602171528203743,0.025
V4,PIP,0.000648565912696696,0.148770491803278
V4,STPc,0.000107935073748673,0
V4,STPi,0.000232304993757243,0
V4,STPr,0.000256584667704263,0.074074074074074
V4,TEa/ma,0.0054547180798177,0.0355647756817739
V4,TEa/mp,0.022449284298079,0.155161841796989
V4,TEad,0.00312925836912154,0.012964609785419
V4,TEav,0.0075662884184574,0.0243866822429906
V4,TEO,0.237817167951194,0.430379799574905
V4,TEOm,0.0163052604682232,0.248414610009493
V4,TEpd,0.0748787813277241,0.274665300725294
V4,TEpv,0.0273080848012951,0.0390241909120627
V4,TH/TF,0.0142238691604047,0.0120660788891619
V4,V1,0.0130466906150964,0.98172205987943
V4,V2,0.390846457627469,0.926048750742288
V4,V3,0.0294489623167754,0.659411144074286
V4,V3A,0.000100195385721053,0
V4,V4t,0.043923223589269,0.439250155283498
